{"version": "1", "message": "ERROR: Hidden Testcases server unreachable.", "problem_id": "ads2_m6_a1_1", "user_id": "vamshi0997", "score": {"sample": {"0": {"execution_time": 0.7335319519042969, "passed": false}, "1": {"execution_time": 0.6141030788421631, "passed": false}, "2": {"execution_time": 0.6471860408782959, "passed": false}, "3": {"execution_time": 0.6829991340637207, "passed": false}, "4": {"execution_time": 0.6142728328704834, "passed": false}, "5": {"execution_time": 0.668851375579834, "passed": false}, "6": {"execution_time": 0.5880680084228516, "passed": false}, "7": {"execution_time": 0.6137349605560303, "passed": false}, "8": {"execution_time": 0.9004330635070801, "passed": false}, "9": {"execution_time": 0.8224670886993408, "passed": false}, "10": {"execution_time": 0.5585761070251465, "passed": false}, "11": {"execution_time": 0.743736982345581, "passed": false}}}, "check_style_score": "0/1"}