{"version": "1", "message": "ERROR: Hidden Testcases server unreachable.", "problem_id": "ads2_m6_a1_1", "user_id": "vamshi0997", "score": {"sample": {"0": {"execution_time": 0.7592997550964355, "passed": false}, "1": {"execution_time": 0.6206700801849365, "passed": false}, "2": {"execution_time": 0.6052138805389404, "passed": false}, "3": {"execution_time": 0.7002208232879639, "passed": false}, "4": {"execution_time": 0.7000267505645752, "passed": true}, "5": {"execution_time": 0.8791289329528809, "passed": false}, "6": {"execution_time": 0.71333909034729, "passed": true}, "7": {"execution_time": 1.0164330005645752, "passed": false}, "8": {"execution_time": 1.0023329257965088, "passed": true}, "9": {"execution_time": 0.7717220783233643, "passed": true}, "10": {"execution_time": 0.5453870296478271, "passed": true}, "11": {"execution_time": 0.7449119091033936, "passed": false}}}, "check_style_score": "1/1"}