{"version": "1", "message": "ERROR: Hidden Testcases server unreachable.", "problem_id": "ads2_m6_a1_1", "user_id": "vamshi0997", "score": {"sample": {"0": {"execution_time": 0.6247701644897461, "passed": false}, "1": {"execution_time": 0.6482970714569092, "passed": false}, "2": {"execution_time": 0.6204288005828857, "passed": false}, "3": {"execution_time": 0.7023179531097412, "passed": false}, "4": {"execution_time": 0.7204468250274658, "passed": true}, "5": {"execution_time": 0.92917799949646, "passed": false}, "6": {"execution_time": 0.574937105178833, "passed": true}, "7": {"execution_time": 0.6462900638580322, "passed": false}, "8": {"execution_time": 0.693073034286499, "passed": true}, "9": {"execution_time": 1.030104160308838, "passed": true}, "10": {"execution_time": 0.44393086433410645, "passed": true}, "11": {"execution_time": 0.757086992263794, "passed": false}}}, "check_style_score": "1/1"}