{"version": "1", "message": "ERROR: Hidden Testcases server unreachable.", "problem_id": "ads2_m6_a1_1", "user_id": "vamshi0997", "score": {"sample": {"0": {"execution_time": 0.6427991390228271, "passed": false}, "1": {"execution_time": 0.6534373760223389, "passed": false}, "2": {"execution_time": 0.660369873046875, "passed": false}, "3": {"execution_time": 0.7047209739685059, "passed": false}, "4": {"execution_time": 0.7079699039459229, "passed": true}, "5": {"execution_time": 0.9012038707733154, "passed": false}, "6": {"execution_time": 0.5558440685272217, "passed": true}, "7": {"execution_time": 0.6865501403808594, "passed": false}, "8": {"execution_time": 0.6536917686462402, "passed": true}, "9": {"execution_time": 0.7753720283508301, "passed": true}, "10": {"execution_time": 0.48208022117614746, "passed": true}, "11": {"execution_time": 0.7741460800170898, "passed": false}}}, "check_style_score": "1/1"}