{"version": "1", "message": "ERROR: Hidden Testcases server unreachable.", "problem_id": "ads2_m6_a1_1", "user_id": "vamshi0997", "score": {"sample": {"0": {"execution_time": 0.6751580238342285, "passed": false}, "1": {"execution_time": 0.6525661945343018, "passed": false}, "2": {"execution_time": 0.6620442867279053, "passed": false}, "3": {"execution_time": 0.7019829750061035, "passed": false}, "4": {"execution_time": 0.6919159889221191, "passed": false}, "5": {"execution_time": 0.696692943572998, "passed": false}, "6": {"execution_time": 0.583928108215332, "passed": false}, "7": {"execution_time": 0.7104918956756592, "passed": false}, "8": {"execution_time": 0.6986830234527588, "passed": false}, "9": {"execution_time": 0.9342339038848877, "passed": false}, "10": {"execution_time": 0.5084450244903564, "passed": false}, "11": {"execution_time": 0.905540943145752, "passed": false}}}, "check_style_score": "0/1"}