{"version": "1", "message": "ERROR: Hidden Testcases server unreachable.", "problem_id": "ads2_m6_a1_1", "user_id": "vamshi0997", "score": {"sample": {"0": {"execution_time": 0.6819889545440674, "passed": false}, "1": {"execution_time": 0.6497151851654053, "passed": false}, "2": {"execution_time": 0.7217521667480469, "passed": false}, "3": {"execution_time": 0.6748669147491455, "passed": false}, "4": {"execution_time": 0.8297228813171387, "passed": false}, "5": {"execution_time": 0.6919522285461426, "passed": false}, "6": {"execution_time": 0.7253808975219727, "passed": false}, "7": {"execution_time": 0.7000792026519775, "passed": false}, "8": {"execution_time": 0.7889678478240967, "passed": false}, "9": {"execution_time": 0.6848890781402588, "passed": false}, "10": {"execution_time": 0.5098469257354736, "passed": false}, "11": {"execution_time": 0.9721388816833496, "passed": false}}}, "check_style_score": "0/1"}