{"version": "1", "message": "ERROR: Hidden Testcases server unreachable.", "problem_id": "ads2_m6_a1_1", "user_id": "vamshi0997", "score": {"sample": {"0": {"execution_time": 0.6069951057434082, "passed": false}, "1": {"execution_time": 0.6036617755889893, "passed": false}, "2": {"execution_time": 0.5930166244506836, "passed": false}, "3": {"execution_time": 0.6839721202850342, "passed": false}, "4": {"execution_time": 0.6898510456085205, "passed": false}, "5": {"execution_time": 0.7110590934753418, "passed": false}, "6": {"execution_time": 0.6297152042388916, "passed": false}, "7": {"execution_time": 0.6758379936218262, "passed": false}, "8": {"execution_time": 0.6872968673706055, "passed": false}, "9": {"execution_time": 0.6816906929016113, "passed": false}, "10": {"execution_time": 0.5239038467407227, "passed": false}, "11": {"execution_time": 0.897465705871582, "passed": false}}}, "check_style_score": "0/1"}