{"version": "1", "message": "ERROR: Hidden Testcases server unreachable.", "problem_id": "ads2_m6_a1_1", "user_id": "vamshi0997", "score": {"sample": {"0": {"execution_time": 0.6142840385437012, "passed": false}, "1": {"execution_time": 0.6021590232849121, "passed": false}, "2": {"execution_time": 0.6348280906677246, "passed": false}, "3": {"execution_time": 0.754666805267334, "passed": false}, "4": {"execution_time": 0.6557009220123291, "passed": false}, "5": {"execution_time": 0.7100679874420166, "passed": false}, "6": {"execution_time": 0.6341371536254883, "passed": false}, "7": {"execution_time": 0.6073620319366455, "passed": false}, "8": {"execution_time": 0.7232339382171631, "passed": false}, "9": {"execution_time": 0.6530442237854004, "passed": false}, "10": {"execution_time": 0.5029520988464355, "passed": false}, "11": {"execution_time": 0.8253219127655029, "passed": false}}}, "check_style_score": "0/1"}