{"version": "1", "message": "ERROR: Hidden Testcases server unreachable.", "problem_id": "ads2_m2_a1_1", "user_id": "vamshi0997", "score": {"sample": {"0": {"execution_time": 0.4176621437072754, "passed": true}, "1": {"execution_time": 0.30790209770202637, "passed": true}, "2": {"execution_time": 0.32007408142089844, "passed": true}, "3": {"execution_time": 0.29126715660095215, "passed": true}, "4": {"execution_time": 0.3228108882904053, "passed": true}, "5": {"execution_time": 0.2747049331665039, "passed": true}, "6": {"execution_time": 0.31665992736816406, "passed": true}, "7": {"execution_time": 0.29085803031921387, "passed": true}, "8": {"execution_time": 0.31113100051879883, "passed": true}, "9": {"execution_time": 0.3273181915283203, "passed": true}, "10": {"execution_time": 0.32555270195007324, "passed": true}, "11": {"execution_time": 0.3233940601348877, "passed": true}, "12": {"execution_time": 0.29123520851135254, "passed": true}, "13": {"execution_time": 0.33252406120300293, "passed": true}, "14": {"execution_time": 0.3056149482727051, "passed": true}, "15": {"execution_time": 0.3728160858154297, "passed": true}, "16": {"execution_time": 0.34499311447143555, "passed": true}, "17": {"execution_time": 0.47739505767822266, "passed": true}, "18": {"execution_time": 0.4180889129638672, "passed": true}, "19": {"execution_time": 0.47317004203796387, "passed": true}, "20": {"execution_time": 0.5778167247772217, "passed": true}, "21": {"execution_time": 0.33713698387145996, "passed": true}, "22": {"execution_time": 0.8478677272796631, "passed": true}, "23": {"execution_time": 0.7575469017028809, "passed": true}}}, "check_style_score": "1/1"}