{"version": "1", "message": "ERROR: Hidden Testcases server unreachable.", "problem_id": "ads2_m2_a1_1", "user_id": "vamshi0997", "score": {"sample": {"0": {"execution_time": 0.37801313400268555, "passed": true}, "1": {"execution_time": 0.32448887825012207, "passed": true}, "2": {"execution_time": 0.3197782039642334, "passed": true}, "3": {"execution_time": 0.30948519706726074, "passed": true}, "4": {"execution_time": 0.3083789348602295, "passed": true}, "5": {"execution_time": 0.30589723587036133, "passed": true}, "6": {"execution_time": 0.27042603492736816, "passed": true}, "7": {"execution_time": 0.31523585319519043, "passed": true}, "8": {"execution_time": 0.27899885177612305, "passed": true}, "9": {"execution_time": 0.2997617721557617, "passed": true}, "10": {"execution_time": 0.3178410530090332, "passed": true}, "11": {"execution_time": 0.3061339855194092, "passed": true}, "12": {"execution_time": 0.3128650188446045, "passed": true}, "13": {"execution_time": 0.34172892570495605, "passed": true}, "14": {"execution_time": 0.44709300994873047, "passed": true}, "15": {"execution_time": 0.43203186988830566, "passed": true}, "16": {"execution_time": 0.5573561191558838, "passed": true}, "17": {"execution_time": 0.5062448978424072, "passed": true}, "18": {"execution_time": 0.4802272319793701, "passed": true}, "19": {"execution_time": 0.610990047454834, "passed": true}, "20": {"execution_time": 0.6688170433044434, "passed": true}, "21": {"execution_time": 0.40817999839782715, "passed": true}, "22": {"execution_time": 1.0723991394042969, "passed": true}, "23": {"execution_time": 1.4912960529327393, "passed": true}}}, "check_style_score": "1/1"}