{"version": "1", "message": "ERROR: Hidden Testcases server unreachable.", "problem_id": "ads2_m4_a1_1", "user_id": "vamshi0997", "score": {"sample": {"0": {"execution_time": 0.5205917358398438, "passed": true}, "1": {"execution_time": 0.4441490173339844, "passed": true}, "2": {"execution_time": 0.4561738967895508, "passed": false}, "3": {"execution_time": 0.4201960563659668, "passed": false}, "4": {"execution_time": 0.34647607803344727, "passed": true}, "5": {"execution_time": 0.37966418266296387, "passed": true}, "6": {"execution_time": 0.41566920280456543, "passed": true}, "7": {"execution_time": 0.4114680290222168, "passed": true}, "8": {"execution_time": 0.42846107482910156, "passed": true}, "9": {"execution_time": 0.3643319606781006, "passed": true}, "10": {"execution_time": 0.35603809356689453, "passed": true}, "11": {"execution_time": 0.3362889289855957, "passed": true}, "12": {"execution_time": 0.40398526191711426, "passed": true}, "13": {"execution_time": 1.1035528182983398, "passed": false}, "14": {"execution_time": 0.35591602325439453, "passed": true}}}, "check_style_score": "0/1"}