{"version": "1", "message": "ERROR: Hidden Testcases server unreachable.", "problem_id": "ads2_m4_a1_1", "user_id": "vamshi0997", "score": {"sample": {"0": {"execution_time": 0.4062948226928711, "passed": true}, "1": {"execution_time": 0.4963259696960449, "passed": true}, "2": {"execution_time": 0.5679888725280762, "passed": true}, "3": {"execution_time": 0.8095240592956543, "passed": true}, "4": {"execution_time": 0.37958765029907227, "passed": true}, "5": {"execution_time": 0.3399209976196289, "passed": true}, "6": {"execution_time": 0.5657808780670166, "passed": true}, "7": {"execution_time": 0.523043155670166, "passed": true}, "8": {"execution_time": 0.6943669319152832, "passed": true}, "9": {"execution_time": 0.5369851589202881, "passed": true}, "10": {"execution_time": 0.48319506645202637, "passed": true}, "11": {"execution_time": 0.44988179206848145, "passed": true}, "12": {"execution_time": 0.44448375701904297, "passed": true}, "13": {"execution_time": 1.9771769046783447, "passed": true}, "14": {"execution_time": 0.3935520648956299, "passed": true}}}, "check_style_score": "1/1"}