{"version": "1", "message": "ERROR: Hidden Testcases server unreachable.", "problem_id": "ads2_m4_a1_1", "user_id": "vamshi0997", "score": {"sample": {"0": {"execution_time": 0.47377586364746094, "passed": true}, "1": {"execution_time": 0.3784928321838379, "passed": true}, "2": {"execution_time": 0.5342330932617188, "passed": true}, "3": {"execution_time": 0.4584689140319824, "passed": true}, "4": {"execution_time": 0.43017077445983887, "passed": true}, "5": {"execution_time": 0.4150419235229492, "passed": true}, "6": {"execution_time": 0.4027211666107178, "passed": true}, "7": {"execution_time": 0.4123668670654297, "passed": true}, "8": {"execution_time": 0.4131960868835449, "passed": true}, "9": {"execution_time": 0.33023905754089355, "passed": true}, "10": {"execution_time": 0.36540794372558594, "passed": true}, "11": {"execution_time": 0.3567800521850586, "passed": true}, "12": {"execution_time": 0.3554093837738037, "passed": true}, "13": {"execution_time": 2.0014309883117676, "passed": false}, "14": {"execution_time": 0.36380481719970703, "passed": true}}}, "check_style_score": "0/1"}