{"version": "1", "message": "ERROR: Hidden Testcases server unreachable.", "problem_id": "ads2_m4_a1_1", "user_id": "vamshi0997", "score": {"sample": {"0": {"execution_time": 0.5287580490112305, "passed": true}, "1": {"execution_time": 0.39526987075805664, "passed": false}, "2": {"execution_time": 0.3815901279449463, "passed": false}, "3": {"execution_time": 0.42383527755737305, "passed": false}, "4": {"execution_time": 0.3372211456298828, "passed": false}, "5": {"execution_time": 0.3836238384246826, "passed": false}, "6": {"execution_time": 0.4276411533355713, "passed": false}, "7": {"execution_time": 0.42000603675842285, "passed": false}, "8": {"execution_time": 0.43608808517456055, "passed": false}, "9": {"execution_time": 0.3979330062866211, "passed": false}, "10": {"execution_time": 0.43662095069885254, "passed": false}, "11": {"execution_time": 0.3681759834289551, "passed": false}, "12": {"execution_time": 0.4557938575744629, "passed": false}, "13": {"execution_time": 0.9914178848266602, "passed": false}, "14": {"execution_time": 0.4029412269592285, "passed": false}}}, "check_style_score": "0/1"}