{"version": "1", "message": "ERROR: Hidden Testcases server unreachable.", "problem_id": "ads2_m16_a1_1", "user_id": "vamshi0997", "score": {"sample": {"0": {"execution_time": 0.4840860366821289, "passed": true}, "1": {"execution_time": 0.537492036819458, "passed": true}, "2": {"execution_time": 1.0880398750305176, "passed": true}, "3": {"execution_time": 1.0383949279785156, "passed": true}, "4": {"execution_time": 1.0899012088775635, "passed": true}, "5": {"execution_time": 1.2112751007080078, "passed": true}, "6": {"execution_time": 1.1322829723358154, "passed": true}, "7": {"execution_time": 1.010500192642212, "passed": true}, "8": {"execution_time": 0.5432436466217041, "passed": true}, "9": {"execution_time": 1.0046331882476807, "passed": true}, "10": {"execution_time": 1.1330742835998535, "passed": true}, "11": {"execution_time": 5.729499816894531, "passed": true}, "12": {"execution_time": 1.1218256950378418, "passed": true}, "13": {"execution_time": 0.4415278434753418, "passed": true}, "14": {"execution_time": 0.9952671527862549, "passed": true}, "15": {"execution_time": 1.2107470035552979, "passed": true}, "16": {"execution_time": 0.569242000579834, "passed": true}, "17": {"execution_time": 0.4883542060852051, "passed": true}, "18": {"execution_time": 0.4748799800872803, "passed": true}, "19": {"execution_time": 0.5848650932312012, "passed": true}, "20": {"execution_time": 0.7528719902038574, "passed": true}, "21": {"execution_time": 0.5333480834960938, "passed": true}, "22": {"execution_time": 0.4953420162200928, "passed": true}, "23": {"execution_time": 0.5412240028381348, "passed": true}, "24": {"execution_time": 0.3777620792388916, "passed": true}, "25": {"execution_time": 1.389909029006958, "passed": true}, "26": {"execution_time": 1.1097187995910645, "passed": true}, "27": {"execution_time": 1.4609239101409912, "passed": true}, "28": {"execution_time": 1.819554090499878, "passed": true}, "29": {"execution_time": 0.2975900173187256, "passed": true}}}, "check_style_score": "0/1"}