{"version": "1", "message": "ERROR: Hidden Testcases server unreachable.", "problem_id": "ads2_m16_a1_1", "user_id": "vamshi0997", "score": {"sample": {"0": {"execution_time": 0.5746071338653564, "passed": true}, "1": {"execution_time": 0.4540438652038574, "passed": true}, "2": {"execution_time": 1.1520287990570068, "passed": true}, "3": {"execution_time": 1.0927960872650146, "passed": true}, "4": {"execution_time": 1.1178748607635498, "passed": true}, "5": {"execution_time": 1.1159579753875732, "passed": true}, "6": {"execution_time": 1.1389691829681396, "passed": true}, "7": {"execution_time": 1.1084861755371094, "passed": true}, "8": {"execution_time": 0.5852837562561035, "passed": true}, "9": {"execution_time": 1.1295721530914307, "passed": true}, "10": {"execution_time": 1.1453099250793457, "passed": true}, "11": {"execution_time": 5.795362949371338, "passed": true}, "12": {"execution_time": 1.2132809162139893, "passed": true}, "13": {"execution_time": 0.45020604133605957, "passed": true}, "14": {"execution_time": 1.0166687965393066, "passed": true}, "15": {"execution_time": 1.1757287979125977, "passed": true}, "16": {"execution_time": 0.51261305809021, "passed": true}, "17": {"execution_time": 0.5636749267578125, "passed": true}, "18": {"execution_time": 0.551365852355957, "passed": true}, "19": {"execution_time": 0.6521899700164795, "passed": true}, "20": {"execution_time": 0.7955689430236816, "passed": true}, "21": {"execution_time": 0.5304629802703857, "passed": true}, "22": {"execution_time": 0.5347638130187988, "passed": true}, "23": {"execution_time": 0.5528850555419922, "passed": true}, "24": {"execution_time": 0.39245176315307617, "passed": true}, "25": {"execution_time": 1.3932108879089355, "passed": true}, "26": {"execution_time": 1.135551929473877, "passed": true}, "27": {"execution_time": 1.4047398567199707, "passed": true}, "28": {"execution_time": 2.0244479179382324, "passed": true}, "29": {"execution_time": 0.27333879470825195, "passed": true}}}, "check_style_score": "0/1"}