{"version": "1", "message": "ERROR: Hidden Testcases server unreachable.", "problem_id": "ads2_m16_a1_1", "user_id": "vamshi0997", "score": {"sample": {"0": {"execution_time": 0.5988829135894775, "passed": true}, "1": {"execution_time": 0.6113450527191162, "passed": true}, "2": {"execution_time": 1.2183759212493896, "passed": true}, "3": {"execution_time": 1.1157279014587402, "passed": true}, "4": {"execution_time": 1.0141088962554932, "passed": true}, "5": {"execution_time": 1.1411681175231934, "passed": true}, "6": {"execution_time": 0.9911749362945557, "passed": true}, "7": {"execution_time": 1.1171159744262695, "passed": true}, "8": {"execution_time": 0.5863358974456787, "passed": true}, "9": {"execution_time": 1.1515588760375977, "passed": true}, "10": {"execution_time": 1.1349010467529297, "passed": true}, "11": {"execution_time": 5.994248867034912, "passed": true}, "12": {"execution_time": 1.1946637630462646, "passed": true}, "13": {"execution_time": 0.4123270511627197, "passed": true}, "14": {"execution_time": 1.181711196899414, "passed": true}, "15": {"execution_time": 1.2110919952392578, "passed": true}, "16": {"execution_time": 0.5772171020507812, "passed": true}, "17": {"execution_time": 0.5807809829711914, "passed": true}, "18": {"execution_time": 0.5508599281311035, "passed": true}, "19": {"execution_time": 0.6184990406036377, "passed": true}, "20": {"execution_time": 0.810338020324707, "passed": true}, "21": {"execution_time": 0.5125668048858643, "passed": true}, "22": {"execution_time": 0.5572879314422607, "passed": true}, "23": {"execution_time": 0.6143951416015625, "passed": true}, "24": {"execution_time": 0.45903992652893066, "passed": true}, "25": {"execution_time": 1.4550750255584717, "passed": true}, "26": {"execution_time": 1.184178352355957, "passed": true}, "27": {"execution_time": 1.570101022720337, "passed": true}, "28": {"execution_time": 2.0758559703826904, "passed": true}, "29": {"execution_time": 0.31769776344299316, "passed": true}}}, "check_style_score": "0/1"}