{"version": "1", "message": "ERROR: Hidden Testcases server unreachable.", "problem_id": "ads2_m16_a1_1", "user_id": "vamshi0997", "score": {"sample": {"0": {"execution_time": 0.6154632568359375, "passed": true}, "1": {"execution_time": 0.5080809593200684, "passed": true}, "2": {"execution_time": 1.1154119968414307, "passed": true}, "3": {"execution_time": 1.1410112380981445, "passed": true}, "4": {"execution_time": 1.1084918975830078, "passed": true}, "5": {"execution_time": 1.1653010845184326, "passed": true}, "6": {"execution_time": 1.1812219619750977, "passed": true}, "7": {"execution_time": 1.1809802055358887, "passed": true}, "8": {"execution_time": 0.6211881637573242, "passed": true}, "9": {"execution_time": 1.1691710948944092, "passed": true}, "10": {"execution_time": 1.1809237003326416, "passed": true}, "11": {"execution_time": 5.796618938446045, "passed": true}, "12": {"execution_time": 1.1851520538330078, "passed": true}, "13": {"execution_time": 0.44305920600891113, "passed": true}, "14": {"execution_time": 0.9826328754425049, "passed": true}, "15": {"execution_time": 1.2246782779693604, "passed": true}, "16": {"execution_time": 0.596858024597168, "passed": true}, "17": {"execution_time": 0.5318362712860107, "passed": true}, "18": {"execution_time": 0.5470857620239258, "passed": true}, "19": {"execution_time": 0.6832079887390137, "passed": true}, "20": {"execution_time": 0.7566730976104736, "passed": true}, "21": {"execution_time": 0.5377218723297119, "passed": true}, "22": {"execution_time": 0.601412296295166, "passed": true}, "23": {"execution_time": 0.6090309619903564, "passed": true}, "24": {"execution_time": 0.4545938968658447, "passed": true}, "25": {"execution_time": 1.44014310836792, "passed": true}, "26": {"execution_time": 1.1760060787200928, "passed": true}, "27": {"execution_time": 1.425511121749878, "passed": true}, "28": {"execution_time": 2.075634002685547, "passed": true}, "29": {"execution_time": 0.34693217277526855, "passed": true}}}, "check_style_score": "0/1"}